1,21,ガチャチケット,1
2,3,虫眼鏡,3
3,3,虫眼鏡,3
4,5,虫眼鏡,5
5,21,ガチャチケット,1
6,3,虫眼鏡,3
7,3,虫眼鏡,3
8,3,虫眼鏡,3
9,5,虫眼鏡,5
10,21,ガチャチケット,1
11,21,ガチャチケット,1
12,3,虫眼鏡,3
13,3,虫眼鏡,3
14,5,虫眼鏡,5
15,21,ガチャチケット,1
16,3,虫眼鏡,3
17,3,虫眼鏡,3
18,3,虫眼鏡,3
19,5,虫眼鏡,5
20,21,ガチャチケット,1
21,21,ガチャチケット,1
22,3,虫眼鏡,3
23,3,虫眼鏡,3
24,5,虫眼鏡,5
25,21,ガチャチケット,1
26,3,虫眼鏡,3
27,3,虫眼鏡,3
28,3,虫眼鏡,3
29,5,虫眼鏡,5
30,21,ガチャチケット,1
31,21,ガチャチケット,1
32,3,虫眼鏡,3
33,3,虫眼鏡,3
34,5,虫眼鏡,5
35,21,ガチャチケット,1
36,3,虫眼鏡,3
37,3,虫眼鏡,3
38,3,虫眼鏡,3
39,5,虫眼鏡,5
40,21,ガチャチケット,1
41,21,ガチャチケット,1
42,3,虫眼鏡,3
43,3,虫眼鏡,3
44,5,虫眼鏡,5
45,21,ガチャチケット,1
46,3,虫眼鏡,3
47,3,虫眼鏡,3
48,3,虫眼鏡,3
49,5,虫眼鏡,5
50,22,ガチャチケット,2
51,21,ガチャチケット,1
52,3,虫眼鏡,3
53,3,虫眼鏡,3
54,5,虫眼鏡,5
55,21,ガチャチケット,1
56,3,虫眼鏡,3
57,3,虫眼鏡,3
58,3,虫眼鏡,3
59,5,虫眼鏡,5
60,21,ガチャチケット,1
61,21,ガチャチケット,1
62,3,虫眼鏡,3
63,3,虫眼鏡,3
64,5,虫眼鏡,5
65,21,ガチャチケット,1
66,3,虫眼鏡,3
67,3,虫眼鏡,3
68,3,虫眼鏡,3
69,5,虫眼鏡,5
70,21,ガチャチケット,1
71,21,ガチャチケット,1
72,3,虫眼鏡,3
73,3,虫眼鏡,3
74,5,虫眼鏡,5
75,21,ガチャチケット,1
76,3,虫眼鏡,3
77,3,虫眼鏡,3
78,3,虫眼鏡,3
79,5,虫眼鏡,5
80,21,ガチャチケット,1
81,21,ガチャチケット,1
82,3,虫眼鏡,3
83,3,虫眼鏡,3
84,5,虫眼鏡,5
85,21,ガチャチケット,1
86,3,虫眼鏡,3
87,3,虫眼鏡,3
88,3,虫眼鏡,3
89,5,虫眼鏡,5
90,21,ガチャチケット,1
91,21,ガチャチケット,1
92,3,虫眼鏡,3
93,3,虫眼鏡,3
94,5,虫眼鏡,5
95,21,ガチャチケット,1
96,3,虫眼鏡,3
97,3,虫眼鏡,3
98,3,虫眼鏡,3
99,5,虫眼鏡,5
100,25,ガチャチケット,5
101,21,ガチャチケット,1
102,3,虫眼鏡,3
103,3,虫眼鏡,3
104,5,虫眼鏡,5
105,21,ガチャチケット,1
106,3,虫眼鏡,3
107,3,虫眼鏡,3
108,3,虫眼鏡,3
109,5,虫眼鏡,5
110,21,ガチャチケット,1
111,21,ガチャチケット,1
112,3,虫眼鏡,3
113,3,虫眼鏡,3
114,5,虫眼鏡,5
115,21,ガチャチケット,1
116,3,虫眼鏡,3
117,3,虫眼鏡,3
118,3,虫眼鏡,3
119,5,虫眼鏡,5
120,21,ガチャチケット,1
121,21,ガチャチケット,1
122,3,虫眼鏡,3
123,3,虫眼鏡,3
124,5,虫眼鏡,5
125,21,ガチャチケット,1
126,3,虫眼鏡,3
127,3,虫眼鏡,3
128,3,虫眼鏡,3
129,5,虫眼鏡,5
130,21,ガチャチケット,1
131,21,ガチャチケット,1
132,3,虫眼鏡,3
133,3,虫眼鏡,3
134,5,虫眼鏡,5
135,21,ガチャチケット,1
136,3,虫眼鏡,3
137,3,虫眼鏡,3
138,3,虫眼鏡,3
139,5,虫眼鏡,5
140,21,ガチャチケット,1
141,21,ガチャチケット,1
142,3,虫眼鏡,3
143,3,虫眼鏡,3
144,5,虫眼鏡,5
145,21,ガチャチケット,1
146,3,虫眼鏡,3
147,3,虫眼鏡,3
148,3,虫眼鏡,3
149,5,虫眼鏡,5
150,22,ガチャチケット,2
151,21,ガチャチケット,1
152,3,虫眼鏡,3
153,3,虫眼鏡,3
154,5,虫眼鏡,5
155,21,ガチャチケット,1
156,3,虫眼鏡,3
157,3,虫眼鏡,3
158,3,虫眼鏡,3
159,5,虫眼鏡,5
160,21,ガチャチケット,1
161,21,ガチャチケット,1
162,3,虫眼鏡,3
163,3,虫眼鏡,3
164,5,虫眼鏡,5
165,21,ガチャチケット,1
166,3,虫眼鏡,3
167,3,虫眼鏡,3
168,3,虫眼鏡,3
169,5,虫眼鏡,5
170,21,ガチャチケット,1
171,21,ガチャチケット,1
172,3,虫眼鏡,3
173,3,虫眼鏡,3
174,5,虫眼鏡,5
175,21,ガチャチケット,1
176,3,虫眼鏡,3
177,3,虫眼鏡,3
178,3,虫眼鏡,3
179,5,虫眼鏡,5
180,21,ガチャチケット,1
181,21,ガチャチケット,1
182,3,虫眼鏡,3
183,3,虫眼鏡,3
184,5,虫眼鏡,5
185,21,ガチャチケット,1
186,3,虫眼鏡,3
187,3,虫眼鏡,3
188,3,虫眼鏡,3
189,5,虫眼鏡,5
190,21,ガチャチケット,1
191,21,ガチャチケット,1
192,3,虫眼鏡,3
193,3,虫眼鏡,3
194,5,虫眼鏡,5
195,21,ガチャチケット,1
196,3,虫眼鏡,3
197,3,虫眼鏡,3
198,3,虫眼鏡,3
199,5,虫眼鏡,5
200,25,ガチャチケット,5
201,21,ガチャチケット,1
202,3,虫眼鏡,3
203,3,虫眼鏡,3
204,5,虫眼鏡,5
205,21,ガチャチケット,1
206,3,虫眼鏡,3
207,3,虫眼鏡,3
208,3,虫眼鏡,3
209,5,虫眼鏡,5
210,21,ガチャチケット,1
211,21,ガチャチケット,1
212,3,虫眼鏡,3
213,3,虫眼鏡,3
214,5,虫眼鏡,5
215,21,ガチャチケット,1
216,3,虫眼鏡,3
217,3,虫眼鏡,3
218,3,虫眼鏡,3
219,5,虫眼鏡,5
220,21,ガチャチケット,1
221,21,ガチャチケット,1
222,3,虫眼鏡,3
223,3,虫眼鏡,3
224,5,虫眼鏡,5
225,21,ガチャチケット,1
226,3,虫眼鏡,3
227,3,虫眼鏡,3
228,3,虫眼鏡,3
229,5,虫眼鏡,5
230,21,ガチャチケット,1
231,21,ガチャチケット,1
232,3,虫眼鏡,3
233,3,虫眼鏡,3
234,5,虫眼鏡,5
235,21,ガチャチケット,1
236,3,虫眼鏡,3
237,3,虫眼鏡,3
238,3,虫眼鏡,3
239,5,虫眼鏡,5
240,21,ガチャチケット,1
241,21,ガチャチケット,1
242,3,虫眼鏡,3
243,3,虫眼鏡,3
244,5,虫眼鏡,5
245,21,ガチャチケット,1
246,3,虫眼鏡,3
247,3,虫眼鏡,3
248,3,虫眼鏡,3
249,5,虫眼鏡,5
250,22,ガチャチケット,2
251,21,ガチャチケット,1
252,3,虫眼鏡,3
253,3,虫眼鏡,3
254,5,虫眼鏡,5
255,21,ガチャチケット,1
256,3,虫眼鏡,3
257,3,虫眼鏡,3
258,3,虫眼鏡,3
259,5,虫眼鏡,5
260,21,ガチャチケット,1
261,21,ガチャチケット,1
262,3,虫眼鏡,3
263,3,虫眼鏡,3
264,5,虫眼鏡,5
265,21,ガチャチケット,1
266,3,虫眼鏡,3
267,3,虫眼鏡,3
268,3,虫眼鏡,3
269,5,虫眼鏡,5
270,21,ガチャチケット,1
271,21,ガチャチケット,1
272,3,虫眼鏡,3
273,3,虫眼鏡,3
274,5,虫眼鏡,5
275,21,ガチャチケット,1
276,3,虫眼鏡,3
277,3,虫眼鏡,3
278,3,虫眼鏡,3
279,5,虫眼鏡,5
280,21,ガチャチケット,1
281,21,ガチャチケット,1
282,3,虫眼鏡,3
283,3,虫眼鏡,3
284,5,虫眼鏡,5
285,21,ガチャチケット,1
286,3,虫眼鏡,3
287,3,虫眼鏡,3
288,3,虫眼鏡,3
289,5,虫眼鏡,5
290,21,ガチャチケット,1
291,21,ガチャチケット,1
292,3,虫眼鏡,3
293,3,虫眼鏡,3
294,5,虫眼鏡,5
295,21,ガチャチケット,1
296,3,虫眼鏡,3
297,3,虫眼鏡,3
298,3,虫眼鏡,3
299,5,虫眼鏡,5
300,25,ガチャチケット,5
301,21,ガチャチケット,1
302,3,虫眼鏡,3
303,3,虫眼鏡,3
304,5,虫眼鏡,5
305,21,ガチャチケット,1
306,3,虫眼鏡,3
307,3,虫眼鏡,3
308,3,虫眼鏡,3
309,5,虫眼鏡,5
310,21,ガチャチケット,1
311,21,ガチャチケット,1
312,3,虫眼鏡,3
313,3,虫眼鏡,3
314,5,虫眼鏡,5
315,21,ガチャチケット,1
316,3,虫眼鏡,3
317,3,虫眼鏡,3
318,3,虫眼鏡,3
319,5,虫眼鏡,5
320,21,ガチャチケット,1
321,21,ガチャチケット,1
322,3,虫眼鏡,3
323,3,虫眼鏡,3
324,5,虫眼鏡,5
325,21,ガチャチケット,1
326,3,虫眼鏡,3
327,3,虫眼鏡,3
328,3,虫眼鏡,3
329,5,虫眼鏡,5
330,21,ガチャチケット,1
331,21,ガチャチケット,1
332,3,虫眼鏡,3
333,3,虫眼鏡,3
334,5,虫眼鏡,5
335,21,ガチャチケット,1
336,3,虫眼鏡,3
337,3,虫眼鏡,3
338,3,虫眼鏡,3
339,5,虫眼鏡,5
340,21,ガチャチケット,1
341,21,ガチャチケット,1
342,3,虫眼鏡,3
343,3,虫眼鏡,3
344,5,虫眼鏡,5
345,21,ガチャチケット,1
346,3,虫眼鏡,3
347,3,虫眼鏡,3
348,3,虫眼鏡,3
349,5,虫眼鏡,5
350,22,ガチャチケット,2
351,21,ガチャチケット,1
352,3,虫眼鏡,3
353,3,虫眼鏡,3
354,5,虫眼鏡,5
355,21,ガチャチケット,1
356,3,虫眼鏡,3
357,3,虫眼鏡,3
358,3,虫眼鏡,3
359,5,虫眼鏡,5
360,21,ガチャチケット,1
361,21,ガチャチケット,1
362,3,虫眼鏡,3
363,3,虫眼鏡,3
364,5,虫眼鏡,5
365,21,ガチャチケット,1
366,3,虫眼鏡,3
367,3,虫眼鏡,3
368,3,虫眼鏡,3
369,5,虫眼鏡,5
370,21,ガチャチケット,1
371,21,ガチャチケット,1
372,3,虫眼鏡,3
373,3,虫眼鏡,3
374,5,虫眼鏡,5
375,21,ガチャチケット,1
376,3,虫眼鏡,3
377,3,虫眼鏡,3
378,3,虫眼鏡,3
379,5,虫眼鏡,5
380,21,ガチャチケット,1
381,21,ガチャチケット,1
382,3,虫眼鏡,3
383,3,虫眼鏡,3
384,5,虫眼鏡,5
385,21,ガチャチケット,1
386,3,虫眼鏡,3
387,3,虫眼鏡,3
388,3,虫眼鏡,3
389,5,虫眼鏡,5
390,21,ガチャチケット,1
391,21,ガチャチケット,1
392,3,虫眼鏡,3
393,3,虫眼鏡,3
394,5,虫眼鏡,5
395,21,ガチャチケット,1
396,3,虫眼鏡,3
397,3,虫眼鏡,3
398,3,虫眼鏡,3
399,5,虫眼鏡,5
400,25,ガチャチケット,5
401,21,ガチャチケット,1
402,3,虫眼鏡,3
403,3,虫眼鏡,3
404,5,虫眼鏡,5
405,21,ガチャチケット,1
406,3,虫眼鏡,3
407,3,虫眼鏡,3
408,3,虫眼鏡,3
409,5,虫眼鏡,5
410,21,ガチャチケット,1
411,21,ガチャチケット,1
412,3,虫眼鏡,3
413,3,虫眼鏡,3
414,5,虫眼鏡,5
415,21,ガチャチケット,1
416,3,虫眼鏡,3
417,3,虫眼鏡,3
418,3,虫眼鏡,3
419,5,虫眼鏡,5
420,21,ガチャチケット,1
421,21,ガチャチケット,1
422,3,虫眼鏡,3
423,3,虫眼鏡,3
424,5,虫眼鏡,5
425,21,ガチャチケット,1
426,3,虫眼鏡,3
427,3,虫眼鏡,3
428,3,虫眼鏡,3
429,5,虫眼鏡,5
430,21,ガチャチケット,1
431,21,ガチャチケット,1
432,3,虫眼鏡,3
433,3,虫眼鏡,3
434,5,虫眼鏡,5
435,21,ガチャチケット,1
436,3,虫眼鏡,3
437,3,虫眼鏡,3
438,3,虫眼鏡,3
439,5,虫眼鏡,5
440,21,ガチャチケット,1
441,21,ガチャチケット,1
442,3,虫眼鏡,3
443,3,虫眼鏡,3
444,5,虫眼鏡,5
445,21,ガチャチケット,1
446,3,虫眼鏡,3
447,3,虫眼鏡,3
448,3,虫眼鏡,3
449,5,虫眼鏡,5
450,22,ガチャチケット,2
451,21,ガチャチケット,1
452,3,虫眼鏡,3
453,3,虫眼鏡,3
454,5,虫眼鏡,5
455,21,ガチャチケット,1
456,3,虫眼鏡,3
457,3,虫眼鏡,3
458,3,虫眼鏡,3
459,5,虫眼鏡,5
460,21,ガチャチケット,1
461,21,ガチャチケット,1
462,3,虫眼鏡,3
463,3,虫眼鏡,3
464,5,虫眼鏡,5
465,21,ガチャチケット,1
466,3,虫眼鏡,3
467,3,虫眼鏡,3
468,3,虫眼鏡,3
469,5,虫眼鏡,5
470,21,ガチャチケット,1
471,21,ガチャチケット,1
472,3,虫眼鏡,3
473,3,虫眼鏡,3
474,5,虫眼鏡,5
475,21,ガチャチケット,1
476,3,虫眼鏡,3
477,3,虫眼鏡,3
478,3,虫眼鏡,3
479,5,虫眼鏡,5
480,21,ガチャチケット,1
481,21,ガチャチケット,1
482,3,虫眼鏡,3
483,3,虫眼鏡,3
484,5,虫眼鏡,5
485,21,ガチャチケット,1
486,3,虫眼鏡,3
487,3,虫眼鏡,3
488,3,虫眼鏡,3
489,5,虫眼鏡,5
490,21,ガチャチケット,1
491,21,ガチャチケット,1
492,3,虫眼鏡,3
493,3,虫眼鏡,3
494,5,虫眼鏡,5
495,21,ガチャチケット,1
496,3,虫眼鏡,3
497,3,虫眼鏡,3
498,3,虫眼鏡,3
499,5,虫眼鏡,5
500,25,ガチャチケット,5
501,21,ガチャチケット,1
502,3,虫眼鏡,3
503,3,虫眼鏡,3
504,5,虫眼鏡,5
505,21,ガチャチケット,1
506,3,虫眼鏡,3
507,3,虫眼鏡,3
508,3,虫眼鏡,3
509,5,虫眼鏡,5
510,21,ガチャチケット,1
511,21,ガチャチケット,1
512,3,虫眼鏡,3
513,3,虫眼鏡,3
514,5,虫眼鏡,5
515,21,ガチャチケット,1
516,3,虫眼鏡,3
517,3,虫眼鏡,3
518,3,虫眼鏡,3
519,5,虫眼鏡,5
520,21,ガチャチケット,1
521,21,ガチャチケット,1
522,3,虫眼鏡,3
523,3,虫眼鏡,3
524,5,虫眼鏡,5
525,21,ガチャチケット,1
526,3,虫眼鏡,3
527,3,虫眼鏡,3
528,3,虫眼鏡,3
529,5,虫眼鏡,5
530,21,ガチャチケット,1
531,21,ガチャチケット,1
532,3,虫眼鏡,3
533,3,虫眼鏡,3
534,5,虫眼鏡,5
535,21,ガチャチケット,1
536,3,虫眼鏡,3
537,3,虫眼鏡,3
538,3,虫眼鏡,3
539,5,虫眼鏡,5
540,21,ガチャチケット,1
541,21,ガチャチケット,1
542,3,虫眼鏡,3
543,3,虫眼鏡,3
544,5,虫眼鏡,5
545,21,ガチャチケット,1
546,3,虫眼鏡,3
547,3,虫眼鏡,3
548,3,虫眼鏡,3
549,5,虫眼鏡,5
550,22,ガチャチケット,2
551,21,ガチャチケット,1
552,3,虫眼鏡,3
553,3,虫眼鏡,3
554,5,虫眼鏡,5
555,21,ガチャチケット,1
556,3,虫眼鏡,3
557,3,虫眼鏡,3
558,3,虫眼鏡,3
559,5,虫眼鏡,5
560,21,ガチャチケット,1
561,21,ガチャチケット,1
562,3,虫眼鏡,3
563,3,虫眼鏡,3
564,5,虫眼鏡,5
565,21,ガチャチケット,1
566,3,虫眼鏡,3
567,3,虫眼鏡,3
568,3,虫眼鏡,3
569,5,虫眼鏡,5
570,21,ガチャチケット,1
571,21,ガチャチケット,1
572,3,虫眼鏡,3
573,3,虫眼鏡,3
574,5,虫眼鏡,5
575,21,ガチャチケット,1
576,3,虫眼鏡,3
577,3,虫眼鏡,3
578,3,虫眼鏡,3
579,5,虫眼鏡,5
580,21,ガチャチケット,1
581,21,ガチャチケット,1
582,3,虫眼鏡,3
583,3,虫眼鏡,3
584,5,虫眼鏡,5
585,21,ガチャチケット,1
586,3,虫眼鏡,3
587,3,虫眼鏡,3
588,3,虫眼鏡,3
589,5,虫眼鏡,5
590,21,ガチャチケット,1
591,21,ガチャチケット,1
592,3,虫眼鏡,3
593,3,虫眼鏡,3
594,5,虫眼鏡,5
595,21,ガチャチケット,1
596,3,虫眼鏡,3
597,3,虫眼鏡,3
598,3,虫眼鏡,3
599,5,虫眼鏡,5
600,25,ガチャチケット,5
601,21,ガチャチケット,1
602,3,虫眼鏡,3
603,3,虫眼鏡,3
604,5,虫眼鏡,5
605,21,ガチャチケット,1
606,3,虫眼鏡,3
607,3,虫眼鏡,3
608,3,虫眼鏡,3
609,5,虫眼鏡,5
610,21,ガチャチケット,1
611,21,ガチャチケット,1
612,3,虫眼鏡,3
613,3,虫眼鏡,3
614,5,虫眼鏡,5
615,21,ガチャチケット,1
616,3,虫眼鏡,3
617,3,虫眼鏡,3
618,3,虫眼鏡,3
619,5,虫眼鏡,5
620,21,ガチャチケット,1
621,21,ガチャチケット,1
622,3,虫眼鏡,3
623,3,虫眼鏡,3
624,5,虫眼鏡,5
625,21,ガチャチケット,1
626,3,虫眼鏡,3
627,3,虫眼鏡,3
628,3,虫眼鏡,3
629,5,虫眼鏡,5
630,21,ガチャチケット,1
631,21,ガチャチケット,1
632,3,虫眼鏡,3
633,3,虫眼鏡,3
634,5,虫眼鏡,5
635,21,ガチャチケット,1
636,3,虫眼鏡,3
637,3,虫眼鏡,3
638,3,虫眼鏡,3
639,5,虫眼鏡,5
640,21,ガチャチケット,1
641,21,ガチャチケット,1
642,3,虫眼鏡,3
643,3,虫眼鏡,3
644,5,虫眼鏡,5
645,21,ガチャチケット,1
646,3,虫眼鏡,3
647,3,虫眼鏡,3
648,3,虫眼鏡,3
649,5,虫眼鏡,5
650,22,ガチャチケット,2
651,21,ガチャチケット,1
652,3,虫眼鏡,3
653,3,虫眼鏡,3
654,5,虫眼鏡,5
655,21,ガチャチケット,1
656,3,虫眼鏡,3
657,3,虫眼鏡,3
658,3,虫眼鏡,3
659,5,虫眼鏡,5
660,21,ガチャチケット,1
661,21,ガチャチケット,1
662,3,虫眼鏡,3
663,3,虫眼鏡,3
664,5,虫眼鏡,5
665,21,ガチャチケット,1
666,3,虫眼鏡,3
667,3,虫眼鏡,3
668,3,虫眼鏡,3
669,5,虫眼鏡,5
670,21,ガチャチケット,1
671,21,ガチャチケット,1
672,3,虫眼鏡,3
673,3,虫眼鏡,3
674,5,虫眼鏡,5
675,21,ガチャチケット,1
676,3,虫眼鏡,3
677,3,虫眼鏡,3
678,3,虫眼鏡,3
679,5,虫眼鏡,5
680,21,ガチャチケット,1
681,21,ガチャチケット,1
682,3,虫眼鏡,3
683,3,虫眼鏡,3
684,5,虫眼鏡,5
685,21,ガチャチケット,1
686,3,虫眼鏡,3
687,3,虫眼鏡,3
688,3,虫眼鏡,3
689,5,虫眼鏡,5
690,21,ガチャチケット,1
691,21,ガチャチケット,1
692,3,虫眼鏡,3
693,3,虫眼鏡,3
694,5,虫眼鏡,5
695,21,ガチャチケット,1
696,3,虫眼鏡,3
697,3,虫眼鏡,3
698,3,虫眼鏡,3
699,5,虫眼鏡,5
700,25,ガチャチケット,5
701,21,ガチャチケット,1
702,3,虫眼鏡,3
703,3,虫眼鏡,3
704,5,虫眼鏡,5
705,21,ガチャチケット,1
706,3,虫眼鏡,3
707,3,虫眼鏡,3
708,3,虫眼鏡,3
709,5,虫眼鏡,5
710,21,ガチャチケット,1
711,21,ガチャチケット,1
712,3,虫眼鏡,3
713,3,虫眼鏡,3
714,5,虫眼鏡,5
715,21,ガチャチケット,1
716,3,虫眼鏡,3
717,3,虫眼鏡,3
718,3,虫眼鏡,3
719,5,虫眼鏡,5
720,21,ガチャチケット,1
721,21,ガチャチケット,1
722,3,虫眼鏡,3
723,3,虫眼鏡,3
724,5,虫眼鏡,5
725,21,ガチャチケット,1
726,3,虫眼鏡,3
727,3,虫眼鏡,3
728,3,虫眼鏡,3
729,5,虫眼鏡,5
730,21,ガチャチケット,1
731,21,ガチャチケット,1
732,3,虫眼鏡,3
733,3,虫眼鏡,3
734,5,虫眼鏡,5
735,21,ガチャチケット,1
736,3,虫眼鏡,3
737,3,虫眼鏡,3
738,3,虫眼鏡,3
739,5,虫眼鏡,5
740,21,ガチャチケット,1
741,21,ガチャチケット,1
742,3,虫眼鏡,3
743,3,虫眼鏡,3
744,5,虫眼鏡,5
745,21,ガチャチケット,1
746,3,虫眼鏡,3
747,3,虫眼鏡,3
748,3,虫眼鏡,3
749,5,虫眼鏡,5
750,22,ガチャチケット,2
751,21,ガチャチケット,1
752,3,虫眼鏡,3
753,3,虫眼鏡,3
754,5,虫眼鏡,5
755,21,ガチャチケット,1
756,3,虫眼鏡,3
757,3,虫眼鏡,3
758,3,虫眼鏡,3
759,5,虫眼鏡,5
760,21,ガチャチケット,1
761,21,ガチャチケット,1
762,3,虫眼鏡,3
763,3,虫眼鏡,3
764,5,虫眼鏡,5
765,21,ガチャチケット,1
766,3,虫眼鏡,3
767,3,虫眼鏡,3
768,3,虫眼鏡,3
769,5,虫眼鏡,5
770,21,ガチャチケット,1
771,21,ガチャチケット,1
772,3,虫眼鏡,3
773,3,虫眼鏡,3
774,5,虫眼鏡,5
775,21,ガチャチケット,1
776,3,虫眼鏡,3
777,3,虫眼鏡,3
778,3,虫眼鏡,3
779,5,虫眼鏡,5
780,21,ガチャチケット,1
781,21,ガチャチケット,1
782,3,虫眼鏡,3
783,3,虫眼鏡,3
784,5,虫眼鏡,5
785,21,ガチャチケット,1
786,3,虫眼鏡,3
787,3,虫眼鏡,3
788,3,虫眼鏡,3
789,5,虫眼鏡,5
790,21,ガチャチケット,1
791,21,ガチャチケット,1
792,3,虫眼鏡,3
793,3,虫眼鏡,3
794,5,虫眼鏡,5
795,21,ガチャチケット,1
796,3,虫眼鏡,3
797,3,虫眼鏡,3
798,3,虫眼鏡,3
799,5,虫眼鏡,5
800,25,ガチャチケット,5
801,21,ガチャチケット,1
802,3,虫眼鏡,3
803,3,虫眼鏡,3
804,5,虫眼鏡,5
805,21,ガチャチケット,1
806,3,虫眼鏡,3
807,3,虫眼鏡,3
808,3,虫眼鏡,3
809,5,虫眼鏡,5
810,21,ガチャチケット,1
811,21,ガチャチケット,1
812,3,虫眼鏡,3
813,3,虫眼鏡,3
814,5,虫眼鏡,5
815,21,ガチャチケット,1
816,3,虫眼鏡,3
817,3,虫眼鏡,3
818,3,虫眼鏡,3
819,5,虫眼鏡,5
820,21,ガチャチケット,1
821,21,ガチャチケット,1
822,3,虫眼鏡,3
823,3,虫眼鏡,3
824,5,虫眼鏡,5
825,21,ガチャチケット,1
826,3,虫眼鏡,3
827,3,虫眼鏡,3
828,3,虫眼鏡,3
829,5,虫眼鏡,5
830,21,ガチャチケット,1
831,21,ガチャチケット,1
832,3,虫眼鏡,3
833,3,虫眼鏡,3
834,5,虫眼鏡,5
835,21,ガチャチケット,1
836,3,虫眼鏡,3
837,3,虫眼鏡,3
838,3,虫眼鏡,3
839,5,虫眼鏡,5
840,21,ガチャチケット,1
841,21,ガチャチケット,1
842,3,虫眼鏡,3
843,3,虫眼鏡,3
844,5,虫眼鏡,5
845,21,ガチャチケット,1
846,3,虫眼鏡,3
847,3,虫眼鏡,3
848,3,虫眼鏡,3
849,5,虫眼鏡,5
850,22,ガチャチケット,2
851,21,ガチャチケット,1
852,3,虫眼鏡,3
853,3,虫眼鏡,3
854,5,虫眼鏡,5
855,21,ガチャチケット,1
856,3,虫眼鏡,3
857,3,虫眼鏡,3
858,3,虫眼鏡,3
859,5,虫眼鏡,5
860,21,ガチャチケット,1
861,21,ガチャチケット,1
862,3,虫眼鏡,3
863,3,虫眼鏡,3
864,5,虫眼鏡,5
865,21,ガチャチケット,1
866,3,虫眼鏡,3
867,3,虫眼鏡,3
868,3,虫眼鏡,3
869,5,虫眼鏡,5
870,21,ガチャチケット,1
871,21,ガチャチケット,1
872,3,虫眼鏡,3
873,3,虫眼鏡,3
874,5,虫眼鏡,5
875,21,ガチャチケット,1
876,3,虫眼鏡,3
877,3,虫眼鏡,3
878,3,虫眼鏡,3
879,5,虫眼鏡,5
880,21,ガチャチケット,1
881,21,ガチャチケット,1
882,3,虫眼鏡,3
883,3,虫眼鏡,3
884,5,虫眼鏡,5
885,21,ガチャチケット,1
886,3,虫眼鏡,3
887,3,虫眼鏡,3
888,3,虫眼鏡,3
889,5,虫眼鏡,5
890,21,ガチャチケット,1
891,21,ガチャチケット,1
892,3,虫眼鏡,3
893,3,虫眼鏡,3
894,5,虫眼鏡,5
895,21,ガチャチケット,1
896,3,虫眼鏡,3
897,3,虫眼鏡,3
898,3,虫眼鏡,3
899,5,虫眼鏡,5
900,25,ガチャチケット,5
901,21,ガチャチケット,1
902,3,虫眼鏡,3
903,3,虫眼鏡,3
904,5,虫眼鏡,5
905,21,ガチャチケット,1
906,3,虫眼鏡,3
907,3,虫眼鏡,3
908,3,虫眼鏡,3
909,5,虫眼鏡,5
910,21,ガチャチケット,1
911,21,ガチャチケット,1
912,3,虫眼鏡,3
913,3,虫眼鏡,3
914,5,虫眼鏡,5
915,21,ガチャチケット,1
916,3,虫眼鏡,3
917,3,虫眼鏡,3
918,3,虫眼鏡,3
919,5,虫眼鏡,5
920,21,ガチャチケット,1
921,21,ガチャチケット,1
922,3,虫眼鏡,3
923,3,虫眼鏡,3
924,5,虫眼鏡,5
925,21,ガチャチケット,1
926,3,虫眼鏡,3
927,3,虫眼鏡,3
928,3,虫眼鏡,3
929,5,虫眼鏡,5
930,21,ガチャチケット,1
931,21,ガチャチケット,1
932,3,虫眼鏡,3
933,3,虫眼鏡,3
934,5,虫眼鏡,5
935,21,ガチャチケット,1
936,3,虫眼鏡,3
937,3,虫眼鏡,3
938,3,虫眼鏡,3
939,5,虫眼鏡,5
940,21,ガチャチケット,1
941,21,ガチャチケット,1
942,3,虫眼鏡,3
943,3,虫眼鏡,3
944,5,虫眼鏡,5
945,21,ガチャチケット,1
946,3,虫眼鏡,3
947,3,虫眼鏡,3
948,3,虫眼鏡,3
949,5,虫眼鏡,5
950,22,ガチャチケット,2
951,21,ガチャチケット,1
952,3,虫眼鏡,3
953,3,虫眼鏡,3
954,5,虫眼鏡,5
955,21,ガチャチケット,1
956,3,虫眼鏡,3
957,3,虫眼鏡,3
958,3,虫眼鏡,3
959,5,虫眼鏡,5
960,21,ガチャチケット,1
961,21,ガチャチケット,1
962,3,虫眼鏡,3
963,3,虫眼鏡,3
964,5,虫眼鏡,5
965,21,ガチャチケット,1
966,3,虫眼鏡,3
967,3,虫眼鏡,3
968,3,虫眼鏡,3
969,5,虫眼鏡,5
970,21,ガチャチケット,1
971,21,ガチャチケット,1
972,3,虫眼鏡,3
973,3,虫眼鏡,3
974,5,虫眼鏡,5
975,21,ガチャチケット,1
976,3,虫眼鏡,3
977,3,虫眼鏡,3
978,3,虫眼鏡,3
979,5,虫眼鏡,5
980,21,ガチャチケット,1
981,21,ガチャチケット,1
982,3,虫眼鏡,3
983,3,虫眼鏡,3
984,5,虫眼鏡,5
985,21,ガチャチケット,1
986,3,虫眼鏡,3
987,3,虫眼鏡,3
988,3,虫眼鏡,3
989,5,虫眼鏡,5
990,21,ガチャチケット,1
991,21,ガチャチケット,1
992,3,虫眼鏡,3
993,3,虫眼鏡,3
994,5,虫眼鏡,5
995,21,ガチャチケット,1
996,3,虫眼鏡,3
997,3,虫眼鏡,3
998,3,虫眼鏡,3
999,5,虫眼鏡,5
1000,30,ガチャチケット,10
